day_pt,invite_link,joins,interval_start_timestamp
2026-08-27T00:00:00+00:00,https://discord.gg/2tYaEUeVeX,2,2026-08-27T00:00:00+00:00
2026-08-27T00:00:00+00:00,https://discord.gg/5ZMZ5T2hE,1,2026-08-27T00:00:00+00:00
2026-08-27T00:00:00+00:00,https://discord.gg/6V2NH7TbC,1,2026-08-27T00:00:00+00:00
2026-08-27T00:00:00+00:00,https://discord.gg/AuXwX79Qz,1,2026-08-27T00:00:00+00:00
2026-08-27T00:00:00+00:00,https://discord.gg/Ba3pBAQkJ,1,2026-08-27T00:00:00+00:00
2026-08-27T00:00:00+00:00,https://discord.gg/EM7nUkQKp,1,2026-08-27T00:00:00+00:00
2026-08-27T00:00:00+00:00,https://discord.gg/Ft2Sc6NUC,1,2026-08-27T00:00:00+00:00
2026-08-27T00:00:00+00:00,https://discord.gg/GrdVBQtf2y,1,2026-08-27T00:00:00+00:00
2026-08-27T00:00:00+00:00,https://discord.gg/NxsxCDtDY,1,2026-08-27T00:00:00+00:00
2026-08-27T00:00:00+00:00,https://discord.gg/PhkP3WgY7w,1,2026-08-27T00:00:00+00:00
2026-08-27T00:00:00+00:00,https://discord.gg/QYjzFbZ4R,2,2026-08-27T00:00:00+00:00
2026-08-27T00:00:00+00:00,https://discord.gg/T4BgZcnFr,1,2026-08-27T00:00:00+00:00
2026-08-27T00:00:00+00:00,https://discord.gg/U7tzRpxmD,1,2026-08-27T00:00:00+00:00
2026-08-27T00:00:00+00:00,https://discord.gg/Ud2rfAmRf,1,2026-08-27T00:00:00+00:00
2026-08-27T00:00:00+00:00,https://discord.gg/VrNHKRBGP,1,2026-08-27T00:00:00+00:00
2026-08-27T00:00:00+00:00,https://discord.gg/WdGXksPas,1,2026-08-27T00:00:00+00:00
2026-08-27T00:00:00+00:00,https://discord.gg/XmnqMbUZ7Z,4,2026-08-27T00:00:00+00:00
2026-08-27T00:00:00+00:00,https://discord.gg/aPryCWX4T,1,2026-08-27T00:00:00+00:00
2026-08-27T00:00:00+00:00,https://discord.gg/ayWGkDFPk,1,2026-08-27T00:00:00+00:00
2026-08-27T00:00:00+00:00,https://discord.gg/cgd236GmJd,1,2026-08-27T00:00:00+00:00
2026-08-27T00:00:00+00:00,https://discord.gg/ddTpcMCSB,1,2026-08-27T00:00:00+00:00
2026-08-27T00:00:00+00:00,https://discord.gg/deutsche-deadlock-community-1289721245281292288,79,2026-08-27T00:00:00+00:00
2026-08-27T00:00:00+00:00,https://discord.gg/fwNPQjhJS,1,2026-08-27T00:00:00+00:00
2026-08-27T00:00:00+00:00,https://discord.gg/gSmQF2chG,2,2026-08-27T00:00:00+00:00
2026-08-27T00:00:00+00:00,https://discord.gg/hY9Jf29Mn,1,2026-08-27T00:00:00+00:00
2026-08-27T00:00:00+00:00,https://discord.gg/hjrqY2XR9,1,2026-08-27T00:00:00+00:00
2026-08-27T00:00:00+00:00,https://discord.gg/pAeveeJXKT,1,2026-08-27T00:00:00+00:00
2026-08-27T00:00:00+00:00,https://discord.gg/pTMHsFRGy,1,2026-08-27T00:00:00+00:00
2026-08-27T00:00:00+00:00,https://discord.gg/r8BnVguV4,1,2026-08-27T00:00:00+00:00
2026-08-27T00:00:00+00:00,https://discord.gg/rWrmJhK4u,2,2026-08-27T00:00:00+00:00
2026-08-27T00:00:00+00:00,https://discord.gg/rp7vMaANc9,1,2026-08-27T00:00:00+00:00
2026-08-27T00:00:00+00:00,https://discord.gg/v8abq8dp5,1,2026-08-27T00:00:00+00:00
2026-08-27T00:00:00+00:00,https://discord.gg/vv5uEk8Ux,1,2026-08-27T00:00:00+00:00
2026-08-27T00:00:00+00:00,https://discord.gg/z5TfVHuQq2,4,2026-08-27T00:00:00+00:00