day_pt,speaking_minutes
2026-04-25T00:00:00.000Z,14805
2026-05-02T00:00:00.000Z,19569
2026-05-09T00:00:00.000Z,14740
2026-05-16T00:00:00.000Z,17491
2026-05-23T00:00:00.000Z,17102
2026-05-30T00:00:00.000Z,15239
2026-06-06T00:00:00.000Z,23313
2026-06-13T00:00:00.000Z,12796
2026-06-20T00:00:00.000Z,16867
2026-06-27T00:00:00.000Z,15478
2026-07-04T00:00:00.000Z,18150
2026-07-11T00:00:00.000Z,19253
2026-07-18T00:00:00.000Z,21895
2026-07-25T00:00:00.000Z,28246
2026-08-01T00:00:00.000Z,28801
2026-08-08T00:00:00.000Z,25385
2026-08-15T00:00:00.000Z,30022