interval_start_timestamp,channel_name,channel_id,readers,chatters,messages
2026-08-16T00:00:00+00:00,🌐allgemein,1289721245281292291,244,61,969
2026-08-16T00:00:00+00:00,🎥deadlock-streamer,1304169815505637458,162,0,0
2026-08-16T00:00:00+00:00,📜regelwerk,1315684135175716975,115,0,0
2026-08-16T00:00:00+00:00,🐒moderator-only,1315684135175716978,2,1,12
2026-08-16T00:00:00+00:00,🎥streamer-updates,1318329964713611385,8,0,0
2026-08-16T00:00:00+00:00,Mod Voice,1325942392020537508,1,0,0
2026-08-16T00:00:00+00:00,📝patchnotes,1326973956825284628,125,0,0
2026-08-16T00:00:00+00:00,🎥Streamer VC,1326984426906714236,4,0,0
2026-08-16T00:00:00+00:00,🎲off-topic,1327664119649800284,102,12,23
2026-08-16T00:00:00+00:00,📼gameplay-clips,1342057180421165131,63,5,11
2026-08-16T00:00:00+00:00,📺yt-videos,1371933456996634797,73,5,9
2026-08-16T00:00:00+00:00,📢ankündigungen,1371952264620806214,522,3,10
2026-08-16T00:00:00+00:00,bot-logs,1374364800817303632,4,1,1
2026-08-16T00:00:00+00:00,🔎mitspieler-suche,1376335502919335936,138,21,52
2026-08-16T00:00:00+00:00,🔗deadlock-rang,1398021105339334666,48,0,0
2026-08-16T00:00:00+00:00,🗨️Off Topic Voice,1411391356278018245,40,3,3
2026-08-16T00:00:00+00:00,🐒community-moderator,1411409828126920785,6,2,2
2026-08-16T00:00:00+00:00,🧩custom-games-chat,1412411665713987635,116,14,68
2026-08-16T00:00:00+00:00,🏆Coaching Lane🏆,1423662511001043075,38,1,1
2026-08-16T00:00:00+00:00,💬frag-die-community,1426220702054355077,158,32,164
2026-08-16T00:00:00+00:00,🎥streamer-austausch,1428062025145385111,14,0,0
2026-08-16T00:00:00+00:00,🏆rank-ups,1444646330319241337,121,8,25
2026-08-16T00:00:00+00:00,🎟️support-ticket-eröffnen,1459628609705738539,8,0,0
2026-08-16T00:00:00+00:00,💬coaching-chat,1461682293105229979,110,9,38
2026-08-16T00:00:00+00:00,❓feedback-kanal,1465404160005378129,58,3,8
2026-08-16T00:00:00+00:00,🆕Neue Spieler Lane,1470126503252721845,78,9,14
2026-08-16T00:00:00+00:00,📹-caster-chat,1474543558793887937,6,4,101
2026-08-16T00:00:00+00:00,😡rage-room,1479970809916166245,103,13,107
2026-08-16T00:00:00+00:00,❓server-faq,1491953161747955853,11,0,0
2026-08-16T00:00:00+00:00,🐛dev-updates,1492910851483504821,121,0,0
2026-08-16T00:00:00+00:00,🫧 💦Die Juice Kammer,1493690350580138114,56,13,63
2026-08-16T00:00:00+00:00,🛠️ich-brauch-einen-coach,1494373349944459355,10,0,0
2026-08-16T00:00:00+00:00,🎖️-erfahrungsberichte,1494756126644895885,56,1,1
2026-08-16T00:00:00+00:00,🎦Caster Channel,1495155113772450042,5,1,10
2026-08-16T00:00:00+00:00,🫃nsfw,1498046141281992977,86,2,2
2026-08-16T00:00:00+00:00,ressourcen,1499356101966168064,1,0,0
2026-08-16T00:00:00+00:00,🏴‍☠️coach-chat,1500821907031724193,8,5,99
2026-08-16T00:00:00+00:00,No-Rage-Voice ❤️,1505618194017161267,67,6,16
2026-08-16T00:00:00+00:00,🏳️Sammelpunkt,1512624055814062090,21,1,3
2026-08-16T00:00:00+00:00,📖sprachkanal-verwalten,1513468476365209670,41,0,0
2026-08-16T00:00:00+00:00,➕Sprachkanal erstellen,1513468587195633674,60,0,0
2026-08-16T00:00:00+00:00,scrim-channel,1520842755037855975,64,35,449
2026-08-16T00:00:00+00:00,support-shiv,1521164348976922795,15,11,2589
2026-08-16T00:00:00+00:00,urn-runners,1521164426424750171,23,18,698
2026-08-16T00:00:00+00:00,return-fire-department,1521164444787540110,15,10,200
2026-08-16T00:00:00+00:00,tetrahex,1521164466169970728,18,11,1607
2026-08-16T00:00:00+00:00,Shiv-support-voice,1521167264533970954,15,5,28
2026-08-16T00:00:00+00:00,Urn Runners Voice,1521167309828526183,21,2,3
2026-08-16T00:00:00+00:00,Return Fire Department Voice,1521167476711358505,9,1,8
2026-08-16T00:00:00+00:00,🗓️announcement-scrims,1521522998199324853,46,1,19
2026-08-16T00:00:00+00:00,TetraHex Voice,1521939025982652416,15,4,12
2026-08-16T00:00:00+00:00,🎯mitspieler-suche,1522769149208821881,46,0,0
2026-08-16T00:00:00+00:00,closed-0064,1527736466317512835,1,0,0
2026-08-16T00:00:00+00:00,closed-0065,1528353381842686092,3,1,10
2026-08-16T00:00:00+00:00,After-Scrimchannel,1528447165926604991,29,4,6
2026-08-16T00:00:00+00:00,,1528758784028180501,5,1,1
2026-08-16T00:00:00+00:00,,1528808952517623952,2,1,1
2026-08-16T00:00:00+00:00,closed-0066,1529326981706022923,3,1,1
2026-08-16T00:00:00+00:00,,1529396806671274077,1,1,1
2026-08-16T00:00:00+00:00,,1529445245341798510,9,1,1
2026-08-16T00:00:00+00:00,,1530293086276554816,4,0,0
2026-08-16T00:00:00+00:00,,1530325382467813597,1,1,2
2026-08-16T00:00:00+00:00,ticket-0067,1530342592879788083,2,1,1
2026-08-16T00:00:00+00:00,,1531229758640099389,12,0,0
2026-08-16T00:00:00+00:00,,1531401451371233370,2,1,1
2026-08-16T00:00:00+00:00,,1531736536864002138,4,1,7
2026-08-16T00:00:00+00:00,,1531933161389555742,11,1,1
2026-08-16T00:00:00+00:00,,1532067921331884084,1,1,1
2026-08-16T00:00:00+00:00,,1532328082420138104,10,1,1
2026-08-16T00:00:00+00:00,,1532702666956869723,6,1,1
2026-08-16T00:00:00+00:00,,1532844097554092072,6,1,1
2026-08-16T00:00:00+00:00,,1533007116225216542,1,0,0
2026-08-16T00:00:00+00:00,,1533183752644333710,6,1,2
2026-08-16T00:00:00+00:00,,1533193616410017832,5,1,2
2026-08-16T00:00:00+00:00,,1533467240962199552,21,2,2
2026-08-16T00:00:00+00:00,,1533581024108347402,4,1,2
2026-08-16T00:00:00+00:00,,1535222748417097799,8,2,2
2026-08-16T00:00:00+00:00,,1535300641688129577,6,1,1
2026-08-16T00:00:00+00:00,,1535341561309827072,1,1,1
2026-08-16T00:00:00+00:00,,1535644318302339075,2,1,1
2026-08-16T00:00:00+00:00,,1535953836345266197,12,1,1
2026-08-16T00:00:00+00:00,,1536036663732469810,1,1,1
2026-08-16T00:00:00+00:00,,1537061798203887657,2,0,0
2026-08-16T00:00:00+00:00,,1537369163956490270,4,1,2
2026-08-16T00:00:00+00:00,,1537733809695494144,7,3,6
2026-08-16T00:00:00+00:00,,1537801320365564044,8,1,1
2026-08-16T00:00:00+00:00,,1537814771561267220,7,2,3
2026-08-16T00:00:00+00:00,,1538127258831552555,2,2,2
2026-08-16T00:00:00+00:00,,1538266039463448696,0,1,1